Cluster,R_Score,F_Score,M_Score,Customer Count,Segment Label
0,2.28649138712602,2.6364460562103353,3.0625566636446058,1102,High Spenders
1,1.8904856293359762,1.3894945490584738,1.49603567888999,2018,Low-Value Customers
2,3.718849840255591,3.643769968051118,3.623801916932907,1252,Champions
